Ian,What projects do you want to accomplish this semester?​
Roberto,What year are you? Are you a transfer student? ​
Gurtaj,What year are you? Are you a transfer student? ​
Peang,What year are you? Are you a transfer student? ​
Collin,What are you most excited about this course?​
Vivian,Any prior programming experience? (This class will go over C++)​
Yoonsu,What projects do you want to accomplish this semester?​
Jose,Any prior programming experience? (This class will go over C++)​
Bryson,What are you most excited about this course?​
Raphael,Any prior programming experience? (This class will go over C++)​
Michael,Any prior programming experience? (This class will go over C++)​
Terrell,What are you most excited about this course?​
Jorge,What year are you? Are you a transfer student? ​
Jasson,What was your most memorable class?  (Memorable can be good or bad)​
Edgar,What year are you? Are you a transfer student? ​
Alejandro,What year are you? Are you a transfer student? ​
Dat,What year are you? Are you a transfer student? ​
Josiah,What do you like most about the campus?​
Everest,What do you like most about the campus?​
Nathan,What was your most memorable class?  (Memorable can be good or bad)​
Ly ,What do you like most about the campus?​
Tamish ,What do you like most about the campus?​
Evan,What year are you? Are you a transfer student? ​
Jennifer,What do you like most about the campus?​
Thomas,What projects do you want to accomplish this semester?​
Anthony,Any prior programming experience? (This class will go over C++)​
Jun,What projects do you want to accomplish this semester?​
Zenobi,Any prior programming experience? (This class will go over C++)​
Pratham,Any prior programming experience? (This class will go over C++)​
Adam,Any prior programming experience? (This class will go over C++)​
